timestamp,price,MA7,MA30,target_price
2025-04-16,0.6355645620564707,0.659898240582769,0.7595117295437392,0.7422344385701521
2025-04-17,0.6333171951341436,0.6558223494601566,0.7510526436709652,0.7706871448546144
2025-04-18,0.6460506850449966,0.656831667651103,0.7435065213582424,0.7916523494701079
2025-04-19,0.6622137392622843,0.6566657472766622,0.734822171490232,0.8087207088053008
2025-04-20,0.7037327604230705,0.6588166399357516,0.7289994153347481,0.8439041030576017
2025-04-21,0.715404778988247,0.665024370062118,0.724640981469982,0.7746848912373085
2025-04-22,0.6999758031859218,0.6708942177278764,0.7193447397230203,0.7831768848412688
2025-04-23,0.7422344385701521,0.6861327715155451,0.7155274760821179,0.7568426529097423
2025-04-24,0.7706871448546144,0.705757050047041,0.71107393718077,0.7292805295389528
2025-04-25,0.7916523494701079,0.7265572878220569,0.7073311125857518,0.728704350455185
2025-04-26,0.8087207088053008,0.7474868548996305,0.7047728763913561,0.7122804777744088
2025-04-27,0.8439041030576017,0.7675113324188494,0.7027147961022288,0.6796877679622525
2025-04-28,0.7746848912373085,0.7759799198830011,0.7007717609587137,0.6644940061220039
2025-04-29,0.7831768848412688,0.7878657886909076,0.7013686612576523,0.6433234544389308
2025-04-30,0.7568426529097423,0.7899526764537065,0.7018202681082747,0.6106598604617955
2025-05-01,0.7292805295389528,0.7840374456943261,0.7017148089042513,0.5948193502466963
2025-05-02,0.728704350455185,0.7750448744064801,0.7007478642907918,0.688586203553483
2025-05-03,0.7122804777744088,0.7612676985449239,0.7010530362989533,0.7583861230944328
2025-05-04,0.6796877679622525,0.7378082221027312,0.7003769913794433,0.9160979770626453
2025-05-05,0.6644940061220039,0.7220666670862592,0.6988843261360932,0.8627647415078329
2025-05-06,0.6433234544389308,0.7020876056002109,0.6970685179877616,0.819918256884773
2025-05-07,0.6106598604617955,0.6812043495362184,0.6974795223001091,0.8956134185042015
2025-05-08,0.5948193502466963,0.6619956096373247,0.6968126738900157,0.8162646871836922
2025-05-09,0.688586203553483,0.6562644457942243,0.7001240606805952,0.7482553571389694
2025-05-10,0.7583861230944328,0.6628509665542278,0.7033419836839951,0.7107688013319468
2025-05-11,0.9160979770626453,0.6966238535685696,0.7125790676624709,0.6960204322890456
2025-05-12,0.8627647415078329,0.7249482443379739,0.7192253863166197,0.7189374841678481
2025-05-13,0.819918256884773,0.7501760732588083,0.7236001111524639,0.7110746207844821
2025-05-14,0.8956134185042015,0.7908837244077235,0.7310555361658148,0.719964476416755
2025-05-15,0.8162646871836922,0.8225187725415802,0.7363014634210839,0.7471076285989715
2025-05-16,0.7482553571389694,0.8310429373395067,0.7400578232571672,0.8101051145527866
2025-05-17,0.7107688013319468,0.8242404628020087,0.7426395434637606,0.7440808542273709
2025-05-18,0.6960204322890456,0.7928008135486373,0.744305201705229,0.7441922537721078
2025-05-19,0.7189374841678481,0.7722540625000681,0.746195993202081,0.7433907708442921
2025-05-20,0.7110746207844821,0.7567049716285981,0.7464407218807948,0.7589457332982261
2025-05-21,0.719964476416755,0.7316122656161056,0.7465927117950784,0.7593190423278716
2025-05-22,0.7471076285989715,0.7217326858182883,0.74816377264218,0.7746258886481843
2025-05-23,0.8101051145527866,0.7305683654488336,0.750426128508268,0.7324581824975573
2025-05-24,0.7440808542273709,0.73532723014818,0.7495392521540264,0.622160908657182
2025-05-25,0.7441922537721078,0.7422089189314747,0.7479572489640931,0.6530229977517751
2025-05-26,0.7433907708442921,0.745702245599538,0.7457795843653927,0.6482542275945772
2025-05-27,0.7589457332982261,0.7525409759586442,0.742947638706747,0.6711346806267129
2025-05-28,0.7593190423278716,0.7581630568030894,0.742435443743099,0.6653605792501199
2025-05-29,0.7746258886481843,0.76209423681012,0.7421504105366629,0.629108766296904
2025-05-30,0.7324581824975573,0.7510018179450871,0.7413375948562567,0.5922632698937745
2025-05-31,0.622160908657182,0.7335846828636317,0.7377669408268643,0.5930641120170316
2025-06-01,0.6530229977517751,0.7205605034321554,0.735244229070084,0.6272966681967163
2025-06-02,0.6482542275945772,0.7069695686821963,0.7331100207307563,0.6096995904580436
2025-06-03,0.6711346806267129,0.6944251325862657,0.7328249178195717,0.6559255999919403
2025-06-04,0.6653605792501199,0.6810024950037299,0.7328538035905089,0.7190535289017648
2025-06-05,0.629108766296904,0.6602143346678326,0.7323799806524413,0.6953094715003411
2025-06-06,0.5922632698937745,0.6401864900101494,0.7317667609668406,0.6320034983286549
2025-06-07,0.5930641120170316,0.6360298047758421,0.7317082530258517,0.589535371179975
2025-06-08,0.6272966681967163,0.6323546148394052,0.7296652685139595,0.6004945036001569
2025-06-09,0.6096995904580436,0.6268468095341861,0.7247090507594133,0.5926373527354736
2025-06-10,0.6559255999919403,0.6246740837292186,0.7160366381903898,0.5872632821133379
2025-06-11,0.7190535289017648,0.6323445051080251,0.7112462644368541,0.5615255063205136
2025-06-12,0.6953094715003411,0.641801748708516,0.707092638257373,0.5629015139579768
2025-06-13,0.6320034983286549,0.6474789241992133,0.6983056409181881,0.5649379249382271
2025-06-14,0.589535371179975,0.646974818365348,0.6907479970513977,0.5422043009593887
2025-06-15,0.6004945036001569,0.6431459377086967,0.6858226352667706,0.5038340424407114
2025-06-16,0.5926373527354736,0.6407084751769009,0.6818849203135547,0.4860918290599627
2025-06-17,0.5872632821133379,0.6308995726228149,0.6782596819743644,0.5490680418285199
2025-06-18,0.5615255063205136,0.6083955693969217,0.6730126160461201,0.5553003505848518
2025-06-19,0.5629015139579768,0.5894801468908698,0.6680735124852365,0.5395214350897232
2025-06-20,0.5649379249382271,0.5798993506922373,0.6629059607692855,0.5288162337762292
2025-06-21,0.5422043009593887,0.5731377692321534,0.6560758498479661,0.5344680830769702
2025-06-22,0.5038340424407114,0.5593291319236613,0.645866814110897,0.5515869248877062
2025-06-23,0.4860918290599627,0.5441083428271598,0.63726717993865,0.6091518499400104
2025-06-24,0.5490680418285199,0.5386518799293285,0.6307630395405304,0.5662619509448032
2025-06-25,0.5553003505848518,0.5377625719670912,0.6244933588652158,0.527426427548389
2025-06-26,0.5395214350897232,0.5344225607001978,0.617179215591599,0.5641116669946523
2025-06-27,0.5288162337762292,0.5292623191056267,0.6094957886398776,0.5728921328453099
2025-06-28,0.5344680830769702,0.5281571451224241,0.6014905284541705,0.5305859956657886
2025-06-29,0.5515869248877062,0.5349789854719947,0.5954614865338421,0.5312283359593902
2025-06-30,0.6091518499400104,0.5525589884548586,0.5950278512432696,0.543671154708989
2025-07-01,0.5662619509448032,0.5550152611857563,0.5921358163497039,0.5446783080621151
2025-07-02,0.527426427548389,0.5510332721805473,0.5881082230148311,0.5487740837509522
2025-07-03,0.5641116669946523,0.5545461624526801,0.5845407892270956,0.5870256948087677
2025-07-04,0.5728921328453099,0.5608427194625487,0.5814585076802686,0.6578882815637389
2025-07-05,0.5305859956657886,0.5602881355466657,0.5781744153258982,0.6587681230337606
2025-07-06,0.5312283359593902,0.5573797656997634,0.5761399175280852,0.6479096757969941
2025-07-07,0.543671154708989,0.5480253806667603,0.5744934856178172,0.6541329819725544
2025-07-08,0.5446783080621151,0.5449420031120906,0.5717395402799973,0.6572470350334153
2025-07-09,0.5487740837509522,0.5479916682838853,0.5697086900564275,0.7030738694008107
2025-07-10,0.5870256948087677,0.5512651008287589,0.5674120265503217,0.7063940086699643
2025-07-11,0.6578882815637389,0.5634074077885345,0.5653731849723875,0.7238909073807901
2025-07-12,0.6587681230337606,0.5817191402696734,0.5641551400235015,0.7453471580096873
2025-07-13,0.6479096757969941,0.5983879031036168,0.5646853459391128,0.7634884562781586
2025-07-14,0.6541329819725544,0.614168164141269,0.5668385996321988,0.7872294908853459
2025-07-15,0.6572470350334153,0.6302494108514548,0.5687303506799741,0.8048569543213038
2025-07-16,0.7030738694008107,0.652292237372863,0.5724115679021521,0.7980415214097778
2025-07-17,0.7063940086699643,0.6693448536387484,0.5763825921207063,0.6903589671604891
2025-07-18,0.7238909073807901,0.6787738001840413,0.5817947721560489,0.6928499884643478
2025-07-19,0.7453471580096873,0.6911422337520309,0.5878762936244392,0.718536250948428
2025-07-20,0.7634884562781586,0.707653488106483,0.5944946446691034,0.7223274182581201
2025-07-21,0.7872294908853459,0.7266672750940246,0.6026621509999688,0.7424586285722444
2025-07-22,0.8048569543213038,0.7477544064208658,0.6126962480626551,0.7538536091982604
2025-07-23,0.7980415214097778,0.7613212138507183,0.6230945711409823,0.7248266795327337
2025-07-24,0.6903589671604891,0.7590304936350789,0.627804268652048,0.7054165783323623
2025-07-25,0.6928499884643478,0.7545960766470158,0.6323892565813645,0.6666247363017438
2025-07-26,0.718536250948428,0.7507659470668359,0.6383564171099879,0.6495059006543106
2025-07-27,0.7223274182581201,0.7448857987782589,0.644806789926051,0.6328635124698522
2025-07-28,0.7424586285722444,0.7384899613049587,0.6517398081092268,0.6564980455207202
2025-07-29,0.7538536091982604,0.731203769144524,0.6584820309195787,0.7047013357221832
2025-07-30,0.7248266795327337,0.7207445060192319,0.6623378585726695,0.6612412180707724
2025-07-31,0.7054165783323623,0.7228955933294995,0.6669763461522548,0.6685404095996915
2025-08-01,0.6666247363017438,0.7191491287348418,0.6716162897773665,0.7155639739755605
2025-08-02,0.6495059006543106,0.7092876501213964,0.6744627642326884,0.7587333909541151
2025-08-03,0.6328635124698522,0.696507092151644,0.6764618102201733,0.809524716599211
2025-08-04,0.6564980455207202,0.684227008858569,0.680658878548671,0.7873035930718152
2025-08-05,0.7047013357221832,0.6772052555048437,0.6864413118740974,0.7501162685946094
2025-08-06,0.6612412180707724,0.668121618153135,0.6903603139861568,0.7865075981419475
2025-08-07,0.6685404095996915,0.6628535940484677,0.6944890507040761,0.8719001000356986
2025-08-08,0.7155639739755605,0.6698449137161557,0.700048713711563,0.7536921192776734
2025-08-09,0.7587333909541151,0.6854488409018421,0.7057723035830746,0.723303555086619
2025-08-10,0.809524716599211,0.7106861557774649,0.7108268514175903,0.7410053044311891
2025-08-11,0.7873035930718152,0.7293726625704784,0.7151113670855255,0.7629827896483905
2025-08-12,0.7501162685946094,0.7358605101236823,0.7185182535121126,0.7213938893905322
2025-08-13,0.7865075981419475,0.7537557072767073,0.722930740717759,0.6868821792341948
2025-08-14,0.8719001000356986,0.7828070916247081,0.7300858428845018,0.7257418764473694
2025-08-15,0.7536921192776734,0.78825396952501,0.7317731178803972,0.7133583689069327
2025-08-16,0.723303555086619,0.7831925644010821,0.732336769427619,0.7887216538554427
2025-08-17,0.7410053044311891,0.7734040769485074,0.7329072493292991,0.8091994214085888
2025-08-18,0.7629827896483905,0.7699296764594468,0.7334951037172559,0.7754358113767151
2025-08-19,0.7213938893905322,0.7658264794302928,0.7320919514876683,0.6875729035887211
2025-08-20,0.6868821792341948,0.7515942767291853,0.7287470410992966,0.7061132788743959
2025-08-21,0.7257418764473694,0.7307145305022812,0.7261098718368321,0.6970303939901085
2025-08-22,0.7133583689069327,0.7249525661636039,0.7232871000867374,0.7367365730991778
2025-08-23,0.7887216538554427,0.7342980088448644,0.7265658563099023,0.6946272804855301
2025-08-24,0.8091994214085888,0.7440400255559216,0.730444170741377,0.7068060563703715
2025-08-25,0.7754358113767151,0.745819028659968,0.7323408227556534,0.6925504234516623
2025-08-26,0.6875729035887211,0.7409874592597093,0.7311823389333401,0.6712722029296032
2025-08-27,0.7061132788743959,0.7437347592083094,0.7299708272767451,0.7102531695669767
2025-08-28,0.6970303939901085,0.7396331188572721,0.72807672010314,0.7189900450369895
2025-08-29,0.7367365730991778,0.7429728623133072,0.7284737165553548,0.6912599168226359
2025-08-30,0.6946272804855301,0.7295308089747482,0.7281140732937937,0.7211114384888506
2025-08-31,0.7068060563703715,0.71490318539786,0.7294534506294146,0.7132216108118073
2025-09-01,0.6925504234516623,0.703062415694281,0.7308882680559932,0.7220922222287781
2025-09-02,0.6712722029296032,0.7007337441715499,0.7321685577379848,0.751934395197063
2025-09-03,0.7102531695669767,0.7013251571276328,0.7339603952061933,0.7637825681697775
2025-09-04,0.7189900450369895,0.7044622501343303,0.7344366855166868,0.7735862816193826
2025-09-05,0.6912599168226359,0.6979655849519669,0.7354373088084157,0.7893744507737147
2025-09-06,0.7211114384888506,0.7017490360952986,0.7371896764380542,0.8019194433206344
2025-09-07,0.7132216108118073,0.7026655438726465,0.7371115976659293,0.8215932254870699
2025-09-08,0.7220922222287781,0.706885800840806,0.7358902253750846,0.7858535214610773
2025-09-09,0.751934395197063,0.7184089711647287,0.7339705479950129,0.7432644413921862
2025-09-10,0.7637825681697775,0.726056028107986,0.7331865138316117,0.7791885900281333
2025-09-11,0.7735862816193826,0.7338554904768992,0.7339688475991042,0.8124492097871342
2025-09-12,0.7893744507737147,0.7478718524699106,0.7340644093534965,0.8328138918351133
2025-09-13,0.8019194433206344,0.7594158531601654,0.7317317207963276,0.7916858888810848
2025-09-14,0.8215932254870699,0.7748975123994886,0.7339950910033076,0.8091818748253363
2025-09-15,0.7858535214610773,0.7840062694326742,0.7360800898824562,0.7803640955361927
2025-09-16,0.7432644413921862,0.782767704603406,0.7361553944478226,0.703237815748276
2025-09-17,0.7791885900281333,0.7849685648688854,0.7366955877938142,0.6844478329545821
2025-09-18,0.8124492097871342,0.7905204117499929,0.7397307651403675,0.6825048325546936
2025-09-19,0.8328138918351133,0.7967260461873354,0.7445951555603981,0.639599039201273
2025-09-20,0.7916858888810848,0.7952641098388284,0.7467932893081887,0.6700663357918004
2025-09-21,0.8091818748253363,0.7934910597442951,0.7499874061721353,0.6735368114863618
2025-09-22,0.7803640955361927,0.7927068560407402,0.7497088208948272,0.6828630366991281
2025-09-23,0.703237815748276,0.7869887666630387,0.7461767673728167,0.6746051721420527
2025-09-24,0.6844478329545821,0.7734543727953885,0.7431438347587456,0.6700149659894478
2025-09-25,0.6825048325546936,0.7548908903336112,0.7429748990576113,0.7042296197827124
2025-09-26,0.639599039201273,0.727288768528777,0.7407577577351739,0.7488601289158363
2025-09-27,0.6700663357918004,0.7099145466588792,0.7398589557952302,0.7446459157109625
2025-09-28,0.6735368114863618,0.690536680467597,0.737752297074803,0.724451856520098
2025-09-29,0.6828630366991281,0.6766079577765878,0.7373601556152564,0.7192156275286794
2025-09-30,0.6746051721420527,0.672517580118556,0.7362867928076458,0.7579399453691716
2025-10-01,0.6700149659894478,0.6704557419806797,0.7355356108922385,0.7126708637727476
2025-10-02,0.7042296197827124,0.6735592830132537,0.7366341914540089,0.7309194758890007
2025-10-03,0.7488601289158363,0.6891680101153342,0.7379210900989708,0.7074862881437164
2025-10-04,0.7446459157109625,0.6998222358180717,0.7387762857881034,0.5063189022739977
2025-10-05,0.724451856520098,0.707095813680034,0.7398826837780187,0.4560943276557742
2025-10-06,0.7192156275286794,0.7122890409413986,0.7398194900793464,0.4880014903172017
2025-10-07,0.7579399453691716,0.7241940085452726,0.7413101012312584,0.5050628712602244
2025-10-08,0.7126708637727476,0.730287708228601,0.7409960559493907,0.4854657081375664
2025-10-09,0.7309194758890007,0.7341005448152138,0.7402955586391221,0.4564336739032732
2025-10-10,0.7074862881437164,0.7281899961334822,0.7384190159715868,0.4267008475833995
2025-10-11,0.5063189022739977,0.6941432799282017,0.7295101033267405,0.4193838079217296
2025-10-12,0.4560943276557742,0.6558064900904411,0.7184007658894759,0.42751652944764545
2025-10-13,0.4880014903172017,0.62277589906023,0.7079368341226947,0.43846541247357257
2025-10-14,0.5050628712602244,0.5866506027589519,0.6973858223151332,0.4474119151063372
2025-10-15,0.4854657081375664,0.5541927233824974,0.6873728952043495,0.4333007924219559
2025-10-16,0.4564336739032732,0.5149804659559648,0.6778118696213858,0.4196604472691021
2025-10-17,0.4267008475833995,0.47486826016163386,0.6660622782065613,0.43320669023050573
2025-10-18,0.4193838079217296,0.4624489609684527,0.6529600981443812,0.44818686118937323
2025-10-19,0.42751652944764545,0.4583664183672915,0.639450186064799,0.4467726615314588
2025-10-20,0.43846541247357257,0.45128983581820165,0.6276761701845485,0.4652551842265086
2025-10-21,0.4474119151063372,0.44305398493907483,0.6156171715272485,0.45208615477005565
2025-10-22,0.4333007924219559,0.4356018541225591,0.604048394756774,0.436080116733759
2025-10-23,0.4196604472691021,0.4303485360319632,0.5945958158074681,0.4401391427733699
2025-10-24,0.43320669023050573,0.43127794212440695,0.586221111049999,0.3995907285881382
2025-10-25,0.44818686118937323,0.4353926640197846,0.5784105120044883,0.39880661478275325
2025-10-26,0.4467726615314588,0.43814354003175787,0.571982966082161,0.41572343106410553
2025-10-27,0.4652551842265086,0.44197065028217736,0.5651559276966514,0.4206067894951998
2025-10-28,0.45208615477005565,0.4426383988055657,0.5577742391394412,0.3527169809615463
2025-10-29,0.436080116733759,0.4430354451358233,0.5495481418072623,0.34696588091632435
2025-10-30,0.4401391427733699,0.4459609730650044,0.5417326074949729,0.3724764811169402
2025-10-31,0.3995907285881382,0.44115869283038045,0.5327184662482625,0.36363612509484083
2025-11-01,0.39880661478275325,0.43410437191514906,0.5225376994149306,0.4236246978172842
2025-11-02,0.41572343106410553,0.4296687675626701,0.5114331428198728,0.42304443319667173
2025-11-03,0.4206067894951998,0.42329042545819734,0.5006318386126807,0.4281387167371307
2025-11-04,0.3527169809615463,0.4090948291998389,0.48824067609406235,0.4433636451897132
2025-11-05,0.34696588091632435,0.3963642240830625,0.47583235120698386,0.4063221009647577
2025-11-06,0.3724764811169402,0.3866981295607154,0.46298356906524274,0.3988089204804502
2025-11-07,0.36363612509484083,0.3815617576331015,0.45134907777597916,0.3908762230498402
2025-11-08,0.4236246978172842,0.38510719806660587,0.44110591850692205,0.378642175158801
2025-11-09,0.42304443319667173,0.38615305551411533,0.43162452334202056,0.3897360187762745
2025-11-10,0.4281387167371307,0.3872290451201055,0.4290185171574583,0.3836877324646195
2025-11-11,0.4433636451897132,0.4001785685812722,0.4285941610752563,0.3641815751313541
2025-11-12,0.4063221009647577,0.4086580285881912,0.4258715147635081,0.37988391269500765
2025-11-13,0.3988089204804502,0.4124198056401212,0.4223297164041823,0.3741671848867031
2025-11-14,0.3908762230498402,0.41631124820512116,0.4191767335679248,0.3608400382423973
2025-11-15,0.378642175158801,0.40988517353962356,0.4165836836097757,0.30706626088703465
2025-11-16,0.3897360187762745,0.40512682862242394,0.4153515226495382,0.3025254193772789
2025-11-17,0.3836877324646195,0.3987766880120652,0.41416165346763456,0.30161633586965986
2025-11-18,0.3641815751313541,0.3874649637180139,0.4120504883237582,0.3188866526721553
2025-11-19,0.37988391269500765,0.3836880796794782,0.41009777166447264,0.32421796407987374
2025-11-20,0.3741671848867031,0.3801678317375143,0.4076562806571515,0.32486804903483624
2025-11-21,0.3608400382423973,0.37587694819359385,0.40524092218449953,0.33376386120420265
2025-11-22,0.30706626088703465,0.36565181758334153,0.40148778263843066,0.3315010202625863
2025-11-23,0.3025254193772789,0.35319316052634214,0.39713174027665643,0.3274252267331432
2025-11-24,0.30161633586965986,0.3414686752984908,0.3922460560993326,0.320036997352262
2025-11-25,0.3188866526721553,0.3349979720900338,0.3879831891373558,0.28749373938045897
2025-11-26,0.32421796407987374,0.32704569371644326,0.3832819484658014,0.31659229665841054
2025-11-27,0.32486804903483624,0.32000296002331946,0.37904134494129404,0.32847707076699706
2025-11-28,0.33376386120420265,0.31613493473214876,0.3756308030903089,0.3189747203866907
2025-11-29,0.3315010202625863,0.31962561464294187,0.3720095323399494,0.3009763809611359
2025-11-30,0.3274252267331432,0.32318272997949393,0.3696040156114495,0.3139649036283895
2025-12-01,0.320036997352262,0.3258142530484371,0.3669783616970998,0.30412463712880083
2025-12-02,0.28749373938045897,0.3213295511496233,0.3627040386409783,0.3178680795615324
2025-12-03,0.31659229665841054,0.32024017008941424,0.35923688887975197,0.3385835499735211
2025-12-04,0.32847707076699706,0.3207557446225801,0.358428891873267,0.323768353249964
2025-12-05,0.3189747203866907,0.3186430102200784,0.3574958531889459,0.3138938735787451
2025-12-06,0.3009763809611359,0.3142823474627283,0.3551125165170858,0.3070094802185296
2025-12-07,0.3139649036283895,0.31235944416204925,0.35345680913487065,0.3157388583257664
2025-12-08,0.30412463712880083,0.3100862498444119,0.3494734737785879,0.30140207695419713
2025-12-09,0.3178680795615324,0.314425441298851,0.3459675953240833,0.2927002918872305
2025-12-10,0.3385835499735211,0.31756704891529536,0.34298242309862964,0.292858775098766
2025-12-11,0.323768353249964,0.3168943749842906,0.33899591336730467,0.27300962506804666
2025-12-12,0.3138938735787451,0.31616853972601267,0.3359149724544376,0.26071961570244356
2025-12-13,0.3070094802185296,0.3170304110484975,0.33285499111237354,0.2796190097351144
2025-12-14,0.3157388583257664,0.31728383314812275,0.3303504122882377,0.278147173522357
2025-12-15,0.30140207695419713,0.3168948959803223,0.32777574234808426,0.2722342594634711
2025-12-16,0.2927002918872305,0.31329949774113625,0.32454121811844944,0.2712116593117868
2025-12-17,0.292858775098766,0.3067673870447427,0.32151358620625436,0.27043295147314833
2025-12-18,0.27300962506804666,0.29951614016161165,0.3184745212041441,0.2633311553167231
2025-12-19,0.26071961570244356,0.2919198176078543,0.3145023779710587,0.25207035670147415
2025-12-20,0.2796190097351144,0.28800689325308065,0.31135077213267237,0.26738089622485856
2025-12-21,0.278147173522357,0.28263665256687937,0.30859434330867097,0.2783067915972811
2025-12-22,0.2722342594634711,0.2784698214967756,0.3074332765945522,0.27352559170746826
2025-12-23,0.2712116593117868,0.2754000168431408,0.30638948459236914,0.26861151090288093
2025-12-24,0.27043295147314833,0.27219632775376684,0.3053500384458188,0.27173485996763586
2025-12-25,0.2633311553167231,0.2708136892178635,0.30349818853397104,0.26778887350072056
2025-12-26,0.25207035670147415,0.2695780807891536,0.30109326828802435,0.29616861672764405
2025-12-27,0.26738089622485856,0.267829778859117,0.2991770298610251,0.30559578724213987
2025-12-28,0.2783067915972811,0.267852581441249,0.2973284608741277,0.3103019588266193
2025-12-29,0.27352559170746826,0.2680370574761058,0.2953959465889571,0.3185866473925337
2025-12-30,0.26861151090288093,0.2676656077034049,0.2934354893946151,0.3296874764462854
2025-12-31,0.27173485996763586,0.26785159463118885,0.29182541814846086,0.33167453904682315
2026-01-01,0.26778887350072056,0.26848841151461705,0.2911685892858029,0.3166880054262861
2026-01-02,0.29616861672764405,0.27478816294692704,0.2904877999547774,0.31453684534270887
2026-01-03,0.30559578724213987,0.2802474330922529,0.28972509050394885,0.31470812682979765
2026-01-04,0.3103019588266193,0.2848181712678727,0.2894359984519464,0.3175004807012249
2026-01-05,0.3185866473925337,0.29125546493716775,0.29002300733299297,0.3146711765329634
2026-01-06,0.3296874764462854,0.2999806028719398,0.29054709309358956,0.30847231179436374
2026-01-07,0.33167453904682315,0.3085434141689666,0.2914654231575236,0.366057063679058
2026-01-08,0.3166880054262861,0.3155290044440474,0.29142608735301534,0.35130735426763887
2026-01-09,0.31453684534270887,0.3181530371033423,0.2906245305319883,0.34138248465637755
2026-01-10,0.31470812682979765,0.31945479990157916,0.2903225229846494,0.3390506458025133
2026-01-11,0.3175004807012249,0.32048316016937994,0.2904427432220654,0.3464861593249819
2026-01-12,0.3146711765329634,0.31992380718944136,0.2906981330992132,0.32541545206192446
2026-01-13,0.30847231179436374,0.316893069382024,0.29045591488149985,0.3196692822850964
2026-01-14,0.366057063679058,0.3218048586152004,0.29261108110566186,0.2995564788770956
2026-01-15,0.35130735426763887,0.32675047987825073,0.29456464985167546,0.30789123089144743
2026-01-16,0.34138248465637755,0.3305855712087749,0.2961821068369292,0.30648737105848894
2026-01-17,0.3390506458025133,0.3340630739191628,0.2983834741947447,0.3039122494917417
2026-01-18,0.3464861593249819,0.3382038851511281,0.3012423589821626,0.3035754961656399
2026-01-19,0.32541545206192446,0.33973878165526544,0.302768907059723,0.28611103663383497
2026-01-20,0.3196692822850964,0.3413383488682272,0.3041529773518143,0.2975412940440509
2026-01-21,0.2995564788770956,0.33183826532508975,0.3050637179989351,0.30151101364458877
2026-01-22,0.30789123089144743,0.3256359619856338,0.3062863703849238,0.3013767294084438
2026-01-23,0.30648737105848894,0.320650945757364,0.3074881843711018,0.26925005553952563
2026-01-24,0.3039122494917417,0.3156311748558252,0.3088408875102691,0.2620990846599759
2026-01-25,0.3035754961656399,0.30950108011877636,0.310557725492408,0.23363122347963408
2026-01-26,0.28611103663383497,0.3038861636290493,0.31118206350604055,0.22794728112960222
2026-01-27,0.2975412940440509,0.3007250224517571,0.31182321358759957,0.2297381777644393
2026-01-28,0.30151101364458877,0.3010042417042561,0.3127560609855035,0.21183574327388185
2026-01-29,0.3013767294084438,0.30007359863525557,0.3138482349356889,0.21942740985254003
2026-01-30,0.26925005553952563,0.2947539821325465,0.3137654081214186,0.18212878241377947
2026-01-31,0.2620990846599759,0.28878067287086573,0.3135757484933938,0.19724382021399395
2026-02-01,0.23363122347963408,0.278788633915722,0.3114911687184601,0.19658212284619375
2026-02-02,0.22794728112960222,0.2704795259865459,0.3089028851813755,0.19066805149727645
2026-02-03,0.2297381777644393,0.2607933665180299,0.30621742581263617,0.18902923451239553
2026-02-04,0.21183574327388185,0.24798261360792898,0.30265906234201445,0.18284481478664574
2026-02-05,0.21942740985254003,0.2362755679570856,0.2989837267888896,0.17767518303852467
2026-02-06,0.18212878241377947,0.2238296717962647,0.29399886823445487,0.18279404992874193
2026-02-07,0.19724382021399395,0.21456463401826725,0.29001739539404514,0.1893398075045365
2026-02-08,0.19658212284619375,0.20927190535634724,0.28608557131082796,0.19715903398929793
2026-02-09,0.19066805149727645,0.20394630112315784,0.2819509021330772,0.18905492195076096
2026-02-10,0.18902923451239553,0.19813073780143728,0.2776685272601162,0.19020113036607997
2026-02-11,0.18284481478664574,0.193989176588975,0.27327431520190565,0.18687217776961157
2026-02-12,0.17767518303852467,0.18802457275840137,0.26891441091004437,0.165764679306809
2026-02-13,0.18279404992874193,0.18811961097482457,0.26280564378503385,0.1391922639141797
2026-02-14,0.1893398075045365,0.18699046630204494,0.2574067255595971,0.12857536279096013
2026-02-15,0.19715903398929793,0.18707288217963125,0.25259927720402775,0.1285045535628983
2026-02-16,0.18905492195076096,0.18684243510155762,0.24759941974230268,0.12210005399630848
2026-02-17,0.19020113036607997,0.18700984879494112,0.24238991877700594,0.12154165304636816
2026-02-18,0.18687217776961157,0.18758518636393623,0.23777180963392885,0.11838179337392941
2026-02-19,0.165764679306809,0.18588368583083398,0.23264165620131927,0.12348200991933843
2026-02-20,0.1391922639141797,0.1796548592573251,0.22729618236922206,0.11938021010088257
2026-02-21,0.12857536279096013,0.17097422429824277,0.22131898676587253,0.11980796354807131
2026-02-22,0.1285045535628983,0.16116644138018565,0.21538622618268613,0.12214569445470021
2026-02-23,0.12210005399630848,0.1516014602438353,0.2093258196661717,0.12173212680885055
2026-02-24,0.12154165304636816,0.14179296348387646,0.2032580248955293,0.12457937484485702
2026-02-25,0.11838179337392941,0.13200862285592188,0.1976670501201991,0.12658712974976194
2026-02-26,0.12348200991933843,0.12596824151485467,0.19186507398270872,0.12859555645485518
2026-02-27,0.11938021010088257,0.12313794811295507,0.1857940471979185,0.12518291133712112
2026-02-28,0.11980796354807131,0.1218854625068281,0.17974175500257278,0.12058290493822664
2026-03-01,0.12214569445470021,0.1209770540627998,0.17483827629974524,0.11628000245255203
2026-03-02,0.12173212680885055,0.12092449303602008,0.17015937770470774,0.11542927898572389
2026-03-03,0.12457937484485702,0.12135845329294706,0.1665243160835485,0.11830062137167133
2026-03-04,0.12658712974976194,0.12253064420378028,0.16314564437088716,0.11860663054138461
2026-03-05,0.12859555645485518,0.12326115085171126,0.15977422366056768,0.12029124490817089
2026-03-06,0.12518291133712112,0.12409010817117391,0.15688579592934235,0.1201062500744164
2026-03-07,0.12058290493822664,0.12420081408405324,0.15359097909886524,0.1237162692546429
2026-03-08,0.11628000245255203,0.12336285808374635,0.15139601976682432,0.12376413859937592
2026-03-09,0.11542927898572389,0.12246245125187112,0.14866886839254864,0.12796812675074237
2026-03-10,0.11830062137167133,0.12156548646998745,0.14605948501006458,0.13779417784089915
2026-03-11,0.11860663054138461,0.12042541515450497,0.14365743764486816,0.13384066319197274
